renom,nom,email,mdp,date
mathis_c,contassot,mathissounet@gmail.com,blablabla,2023-04-08
azerty,azerty,azerty@azerty.com,azerty,2023-05-02
simeon,lechat,simeon@gmail.com,sim,2023-05-11
Pauline,Trepos,popo@gmail.com,popo,2003-12-11
estelle,estelle,estelleroudet17@gmail.com,pauline,2023-05-17
,,,,
Aude,Souchon,aude@gmail.com,aude,2003-10-20
